"ta","math_grades","spanish_grades","better_at_math","math_grade"
"Phuong Vu",3.45264323944086,3.65225554427071,FALSE,NA
"Yunwei Liang",3.48130654816853,3.89971915249221,FALSE,NA
"Yubing Tian",3.67876308960619,3.83105179718723,FALSE,NA
"Gavin Sreesangkom",3.95285391594894,3.89504221149085,TRUE,NA
"Coco Li",3.24716818557548,3.77196473590539,FALSE,NA
" George Zhang",3.59586331004203,4,FALSE,NA
"Saurav Sawansukha",3.43580630020927,3.3976889102192,TRUE,NA
"YuYu Madigan",3.80385718294636,3.65232712763339,TRUE,NA
